AE01;CP:UAE-Dubai-M/E Exports;Jebel Ali Free Zone, Office 28;PO Box 61462;Dubai;;LOB 21
AE02;CP:UAE-Dubai;Jebel Ali Free Zone, Office 28;PO Box 61462;Dubai;;LOB 21
AE03;CP:UAE-Dubai;Jebel Ali Free Zone, Office 28;PO Box 61462;Dubai;;LOB 21
AE04;CP:UAE-Dubai-M/E Exports;Jebel Ali Free Zone, Office 28;;Dubai;;LOB 21
AF01;OBS:CP:Afghanistan;Amin Trade Center 3rd Floor;;Kabul;;
AL01;CP:Albania (Adria);InterbrndsM&D,AutostradaTirane;Durres, KM 1 Fushemezez,;Tirana;;
AM01;OBS:CP:Armenia;A.P. 30,49 Pushkin Street;;Erevan;;
AO01;CP:Angola;Rua Manuel Agosto dos Santos;Casa No. 28-A,Bairro Maculsso;Ingombota;;4000186
AR10;CP:Argentina-BPSI;Cuyo 3532, Edificio "C";;Buenos Aires;01;B1640GJF
AR11;CP:Argentina-San Luis;Calle 5 y 105;Parque Ind Norte;San Luis;;5700
AR12;CP:Argentina-BPSI-CBS;Cuyo 3532, Edificio "C";;Buenos Aires;01;B1640GJF
AR20;CP:Argentina-Llavallol;Av Antartida Argentina 2269;;Llavallol;01;1836
ARH1;Hill's:Argentina-Llavallol;Av Antartida Argentina 2269;;Llavallol;01;1836
ASHA;OBS:Hill's Asia;;;;;
AT01;CP:Austria-Vienna;Donau-City-Strasse 11;;Vienna;;1220
ATH1;Hill's:Austria-Vienna;Donau-City-Strasse 11;;Vienna;;1220
AU05;OBS:AP Div Australia;;;;;
AU08;OBS:GIT Australia;;;;;
AU10;CP:Australia-Sydney;L14, 345 George Street;;Sydney, NSW;;2000
AU20;CP:Australia-Villawood;50 Marple Ave;;Villawood, NSW;;2163
AU30;OBS:CP:Australia-Labrador;76 SkyringTerrace;;Newstead;QLD;4006
AU40;CP:Australia-Melbourne;1B/21 Lionel Road;;Mount Waverley;VIC;3149
AU50;CP:Australia-Brisbane;76SkyringTerrace,CorpH,Lob1le2;;Newstead;QLD;4006
AU60;CP:Australia-Adelaide;185 Fullarton Road;;Dulwich;SA;5065
AU70;CP:Australia-Perth;19-41 Catalano Circuit;;Canning Vale, WA;;6155
AU80;CP:Australia-Tasmania;Via 11-13 Palmer Court;;Mount Waverley, VIC;;3149
AUHA;Hill's:Australia-Sydney;L14, 345 George Street;;Sydney, NSW;;2000
AUHB;Hill's:Australia-Brisbane;15/459 Tufnell Road;;Banyo;QLD;4014
AUHC;Hill's:Australia-Melbourne;1B/21 Lionel Road;;Mount Waverley;VIC;3149
AUHD;Hill's:Australia-Adelaide;185 Fullarton Road;;Dulwich;SA;5065
AZ01;OBS:CP:Azerbaijan;Caspian Business Centre;40, Str. J. Jabarli;Baku;;370065
AZ02;CP:Azerbaijan;Caspian Business Centre;40, Str. J. Jabarli;Baku;;370065
BA01;CP:Bosnia-Hercegovina-Sarajevo;Mostarsko Raskrsce BB;Zgrada Sinalco;Hadzici;;71240
BB06;OBS:CP:Barbados-Svc Co;;;;;
BE01;CP:Belgium-Brussels-Comm;165 Boulevard du Souverain;;Brussels;;1160
BE02;OBS:CP:Belgium-Liege-Mfg Plant;Avenue du Parc Industriel 99;;Herstal;;B-4041
BE03;OBS:CP:Belgium-Gent-Mfg Plant;Oefenpleinstraat 10;;Gentbrugge;;9050
BE04;CP:Belgium-Liege-GTC;Rue Saint-Exupery 17;EU Tech Center, Res & Dev Inc.;Grace-Hollogne;;B-4460
BE05;OBS:CP:Belgium-Brussels HQ-Eur;165 Boulevard du Souverain;;Brussels;;1160
BE60;CP:Belgium-Brussels-BSC;165 Boulevard du Souverain;;Brussels;;1160
BEG1;OBS:GABA:Belgium-Brussels-Comm;165 Boulevard du Souverain;;Brussels;;1160
BEH1;Hill's:Belgium-Brussels;165 Boulevard du Souverain;;Brussels;;1160
BG01;CP:Bulgaria  (Adria);64, Christopher Columbus Blvd.;Building 1, Entr. 1., Floor 1;Sofia;;1528
BGH1;OBS:Hill's:Bulgaria;Bulevar Totleben 63 Floor 2;;Sofia;;1680
BJ01;CP:Benin;01 BP 07, C. B. N. D.;01 BP 07, C. B. N. D.;Cotonou;;4000184
BN99;CP:Brunei;;;;;
BO01;CP:Bolivia-La Paz;Calle 16 # 8236 Calacoto;;La Paz;;7625
BR10;OBS:CP : Brazil -Jaguare;Rua Santo Eurilo, 195 - Jaguar;;São Paulo/SP;SP;05345-040
BR11;OBS:CP : Brazil -Osasco;Av. Manoel Pedro Pimentel, 101;;Vila Yara - Osasco/SP;SP;06020-170
BR20;OBS:CP : Brazil-Raposo Tavares;Via Arterial Sul;450-Rod. Raposo Tavares Km 20;Osasco - São Paulo;;06149-000
BR21;OBS:CP : Brazil-Anchieta;Rodovia Anchieta, KM 14;COLGATE-PALMOLIVE IND.E COM.LT;São Bernardo do Campo/SP;SP;09696-000
BR22;CP:Brazil-Rio de Janeiro;Av. Pastor Martin Luther King;Salas 323/324/325/326;Rio de Janeiro / RJ;RJ;20765-120
BR23;CP:Brazil-Porto Alegre;Rua Luciana de Abreu 471 - 403;Imbuhy;Porto Alegre/RS;RS;90570-060
BR24;CP:Brazil-Recife;Rua Jose Alves Bezerra, 454;;Jaboatao dos Guararapes;PE;54325-610
BR30;CP:Brazil-Jaguare-MFG;Rua Santo Eurilo, 195;;Sao Paulo;SP;05345-040
BR31;OBS:CP:Brazil-Osasco-MFG;Av. Manoel Pedro Pimentel, 101;;Osasco/SP;;06020-170
BR32;CP:Brazil-Via-Anchieta-MFG;Via Anchieta, km. 14;;Sao Bernardo do Campo;SP;09696-000
BR33;CP:Brazil-Imigrantes;Rodovia dos Imigrantes, KM 28;;Sao Bernardo do Campo;SP;09845-000
BR91;CP:Brazil-Vila Mariana;Rua Rio Grande, 752;Vila Mariana;Sao Paulo;SP;04018-002
BR92;CP:Brazil-Vila Mariana-CBS;Rua Rio Grande, 752;Vila Mariana;Sao Paulo;SP;04018-002
BRH1;Hill's:Brazil-Vila Mariana;Rua Rio Grande, 752;Vila Mariana;Sao Paulo;SP;04018-002
BRH2;Hill's:Brazil-Via Anchieta-MFG;Via Anchieta, km. 14;;Sao Bernardo do Campo;SP;09883-000
BRH3;Hill's:Brazil-Rio de Janeiro;Av. Pastor Martin Luther King;Salas 323/324/325/326;Rio de Janeiro / RJ;RJ;20765-120
BRH4;Hill's:Brazil-Porto Alegre;Av. Gravatai, 814;Imbuhy;Cachoeirinha/RS;RS;
BRH5;Hill's:Brazil-Imigrantes;Rod. Dos Imigrantes KM28;Sitio dos Morros Batistini;Sao Bernardo do Campo;;09845-000
BRH6;Hill's:Brazil-Recife;Av. Agamenon Magalhaes, 4779;Sala 301;Recife;RJ;50070-160
BW01;OBS:CP Botswana Ltd.-AME;;;Gaborone;;
BY01;OBS:CP:Belarus;34, Pritytskogo Str.;;Minsk;;220082
BY02;CP:Belarus;34, Pritytskogo Str.;;Minsk;;220082
CA01;CP:Canada-Calgary;Deerfoot Junction III,Ste 316;1212 - 31st Ave NE;Calgary;AB;M2P 2B8
CA02;OBS:Canada: Edmonton Plt;;;;;
CA03;OBS:Canada: Edmonton Wse;;;;;
CA04;CP:Canada-Field Sales;;;;;
CA05;CP:Canada-Toronto;Two Morneau Sobeco Ctr, 6th Fl;895 Don Mills Rd;Toronto;ON;M3C 1W3
CA06;OBS:CP:Canada-Mississauga;6400 Northwest Drive;;Mississauga;;L4V 1K1
CA07;OBS:Canada: Moncton;;;;;
CA08;CP:Canada-Montreal;4885 rue Ambroise-Lafortune;;Boisbriand;QC;J7H 0A4
CA09;CP:Canada-Field Sales-BC;;;;;
CA10;CP:Canada-Field Sales-ON/AB/SK;;;;;
CA11;CP:Canada-Field Sales-QC;;;;;
CAHA;Hill's:Canada-Toronto;Two Morneau Sobeco Ctr,6th Fl;895 Don Mills Rd;Toronto;ON;M3C 1W3
CAHB;Hill's:Canada-Field Sales;;;;;
CAHC;Hill's:Canada-Field Sales-BC;;;;;
CAHD;Hill's:Canada-Field Sales-ON/A;;;;;
CAHE;Hill's:Canada-Field Sales-QC;;;;;
CD01;CP:Dem. Rep. of Congo;Beltexco, Kinshasa;Beltexco, Kinshasa;Kinshasa;;4000187
CE00;OBS:Central Eu/Russia Div;;;;;
CE01;OBS:Central EU/RU IT/SSO;;;;;
CG01;CP:Congo;Avenue Du 13 Aout 1963;Societe Regal;Grand Marche;;4000181
CH01;CP:Switzerland-Therwil;Grabetsmattweg 1;;Therwil;;CH-4106
CHG1;OBS:GABA:Switzerland-Commercia;Grabetsmattweg 1;;Therwil;;CH-4106
CHG2;GABA:Switzerland -Therwil SCM;Grabetsmattweg 1;;Therwil;;CH-4106
CHH1;Hill's:Switzerland-Therwil;Grabetsmattweg 1;;Therwil;;CH-4106
CI01;CP:Ivory Coast CISA;Marcory Blvd;VGE Immeuble Kalimba-1er etag;Abidjan;;01 BP 1283
CL10;CP:Chile-Santiago;Las Esteras 2800;Quilicura;Casilla;;3329
CL11;CP:Chile-Santiago-CBS;Las Esteras 2800;Quilicura;Casilla;;3329
CLH1;OBS:Hill's:Chile-Santiago;Las Esteras 2800;Quilicura;Casilla;;3329
CM01;CP:Cameroon SA;1008 Boulevard, Leclerc;;Douala, Cameroon;;
CN01;CP:China-CGZ-HR;17/F Teem Tower;208 Tian He Road;Guangzhou;;510620
CN02;CP:China-CPGZ-HR;17/F Teem Tower;208 Tian He Road;Guangzhou;;510620
CN03;CP:China-CSX Yangzhou;No.2, Sanxiao Rd, Hangji Town;Hanjiang County;Yangzhou, JiangSu;;225111
CN04;CP:China-Hawley&Hazel;;;;;
CN05;CP:China-Yangzhou-Commercial;No. 8 Gaolujie Road,;Hangji Ind Park,Hanjiang Dist;Yangzhou;;225111
CN06;CP:China-Yangzhou- Assignees;No. 8 Gaolujie Road,;Hangji Ind Park,Hanjiang Dist;Yangzhou;;225111
CN11;CP:China-CGZ-HP Facilities;338 Qing Nian Road, Xin Gang;;Huangpu, Guangzhou;;510730
CN12;CP:China-CPGZ-HP Facilities;338 Qing Nian Road, Xin Gang;;Huangpu, Guangzhou;;510730
CN50;CP:China-CPGZ-West Region;6/F, Zhong Hai Tower;36 Longteng East Rd;Chengdu;;
CN51;CP:China-CPGZ-East Region;Floor 18, Hongwell Intl. Plaza;No. 1602 Zhongshan Rd(W);Shanghai;;
CN52;CP:China-CPGZ-North Region;Rm 3001-02,SK Tower,No.6 Jia;Jianguomenwai Avenue;Beijing;;
CN53;OBS:Wuhan RDC;;;;;
CN54;OBS:Chengdu RDC;;;;;
CN55;OBS:Shenyang RDC;;;;;
CN56;OBS:Nanjing;;;;;
CN57;OBS:CSX Shanghai 高露洁三笑上海;;;;;
CN58;OBS:CSX Nanning 高露洁三笑南宁;;;;;
CNA1;CP:China-CGZ-Head Ofc & So Reg;17/F Teem Tower;208 Tian He Road;Guangzhou;;510620
CNA2;CP:China-CPGZ-Head Ofc&So Reg;17/F Teem Tower;208 Tian He Road;Guangzhou;;510620
CNH1;Hill's:China;17/F Teem Tower;208 Tian He Road;Guangzhou;;510620
CO10;CP:Colombia-Cali;Carrera 1 No. 40-108;;Cali;;
CO11;CP:Colombia-Cali-CBS;Carrera 1 No. 40-108;;Cali;;
CO20;OBS:Arroyohondo;Cra 1 No. 40 -108;;Santiago de Cali;;
CO23;CP:Colombia-Bogota;Calle 100 No.7-33 Oficina 801;Edificio Cap Tower;Edificio Cap Tower-Bogota;;
CO24;CP:Colombia-Medellin;Carrera 43A No. 9-Sur 91 Piso;;Medellin;;
CO25;CP:Colombia-Barranquilla;Carrera 47 No. 79-145;;Barranquilla;;
CO40;OBS:ELF-ATOCHEM (Bogota);Cra 1 No. 40 -108;;Santiago de Cali;;
COH1;Hill's:Colombia-Bogota;Calle 100 No.7-33 Oficina 801;Edificio Cap Tower;Bogota;;
CR20;CP:Costa Rica-CR;400 mts. Oeste, 400 mts. norte;de la Plaza de Deportes;San Jose;;10040-1000
CS01;OBS:CP:Serbia-Montenegro-Belgr;Bulevar 12 Februar 122/8;;Nis;;11000
CZ01;CP:Czech Republic-Prague;Rohanske nabrezi 678/23,Karlin;;Praha 8;;186 00
CZH1;OBS:Hill's:Czech Rep-Hustopece;Nadrazni 269/49;;Hustopece;;693 01
CZH2;OBS:Hill's:Czech Rep-Prague-EU;Rohanske nabrezi 678/23,Karlin;;Praha 8;;186 00
CZH3;OBS:Hill's:Czech-Prague-CEMEER;Rohanske nabrezi 678/23,Karlin;;Praha 8;;186 00
CZH4;Hill's:Czech Rep-Hustopece-Mfg;Nadrazni 269/49;;Hustopece;;693 01
CZH5;Hill's:Czech Rep-Prague-EU Reg;Rohanske nabrezi 678/23,Karlin;Hill's Pet Nutrition sro;Praha 8;;186 00
CZH6;Hill's:Czech Rep-Prague-CEMEER;Rohanske nabrezi 678/23,Karlin;Hill's Pet Nutrition sro;Praha 8;;186 00
DE01;CP:Germany-Hamburg;Beim Strohhause 17;;Hamburg;;20097
DE05;OBS:CP Germany Verwaltung;Liebigstrasse 2-20;;Hamburg;;22113
DE60;CP:Germany-Services CEW GmbH;Beim Strohhause 17;;Hamburg;;20097
DE61;OBS:CP:Germany-Services CEW So;Im Entenbad 4;CP GABA GmbH;Loerrach;;79541
DEG1;OBS:GABA:Germany-Loerrach-Comm;Berner Weg 7;;Loerrach;;D-79539
DEG2;OBS:GABA:Germany-Loerrach-SCM;Berner Weg 7;;Loerrach;;D-79539
DEH1;Hill's:Germany-Hamburg;Beim Strohhause 17;;Hamburg;;20097
DK01;CP:Denmark-Copenhagen-Comm;Bredevej 2A;;Virum;;DK-2830
DK40;OBS:CP:Denmark-Copenhagen-Mfg;Parallelvej 16;;Kgs. Lyngby;;DK-2800
DKH1;Hill's:Denmark-Copenhagen;Bredevej 2A;;Virum;;DK-2830
DKH2;Hill's:Denmark-Copenhagen-CBS;Bredevej 2A;;Virum;;DK-2830
DM10;CP:Dominica-Coconut;Belfast Main Road;P.O. Box 18;Belfast, St. Paul;;
DM11;OBS:CP:Dominica-Refresh;Belfast Main Road;P.O. Box 18;Belfast, St. Paul;;
DO10;CP:Dominican Republic-MR;Avenida Charles de Gaulle;Villa Mella;Santo Domingo;;1337
DO11;CP:Dominican Republic-MG;Avenida Maximo Gomez #103;Villas Agricolas;Santo Domingo;;1337
DO12;CP:Dominican Republic-MG-CBS;Avenida Maximo Gomez #103;Villas Agricolas;Santo Domingo;;1337
DZ01;CP:Algeria-Global Exports;Cite des 126 Logements-Bat. 6;# 1 Ain Allah, Dely Brahim;Algiers;;16000
EC10;CP:Ecuador-Guayaquil;Km 16.5 via a Daule;Apartado Postal #09-01-09043;Guayaquil;;90109043
EC11;CP:Ecuador-Guayaquil-CBS;Km 16.5 via a Daule;Apartado Postal #09-01-09043;Guayaquil;;90109043
EE01;CP:Estonia-Tallinn-(Baltics);Vilandes Str., No. 12;;Riga;;LV-1010
EG01;CP:Egypt-Cairo;17th Mekkah Street, Kokki;;Cairo;;12311
EG02;CP:Egypt-Alexandria;El Amreya El Mex Road;Om Zeighiew, PO Box 43;Alexandria;;
EP70;CP:Switzerland- Europe Div HQ;Grabetsmattweg 1;;Therwil;;CH-4106
EP71;CP:Switzerland-AME Div HQ;Grabetsmattweg 1;;Therwil;;CH-4106
EP72;OBS:COP Europe;;;Geneva;GE;
EP74;CP:Swiss-Therwil-GTC R&D;Grabetsmattweg 1;;Therwil;;CH-4106
EPH1;Hill's:Switzerland-EU Region;Grabetsmattweg 1;;Therwil;;CH-4106
ES01;CP:Spain-Madrid- ESPANA;Calle Quintanavides, 19;Edificio 4, 4th Planta;Madrid;;28050
ES02;OBS:CP:Spain-Cristasol-Mfg Pla;;;Madrid;;
ES03;CP:Spain- Madrid-S.C.A;Calle Quintanavides, 19;Edificio 4, 4th Planta;Madrid;;28050
ES04;OBS:CP:Spain Gbl Mrkt -Barcel;Josep Pla 2;Torres diagonal Litoral B-2;Barcelona;;08019
ESH1;Hill's:Spain-Madrid;Calle Quintanavides, 19;Edificio 4, 3rd Planta - F;Madrid;;28050
ET01;CP:Ethiopia;House 2483,3rd floor, Room 306;Bole Sub City;Addis Ababa;;4000182
EU00;OBS:CP:France-Paris-EU Div;112 Ave Kleber;;Paris;;75016
EUHA;OBS:Hill's Europe;;;;;
FI01;OBS:CP-Finland-Helsinki;Svardvagen 23;;Danderyd;;18215
FI02;CP:Finland-Helsinki;Tarvonsalmenkatu 17;;ESPOO;;FI 02600
FIG1;OBS:GABA:Finland-Helsinki-Comm;Melkonkatu 28 D 5krs;;Helsinki;;FI-00210
FJ10;CP:Fiji-Suva;Lot 1, Wailekutu;;Lami, Suva;;
FJ20;CP:Fiji-Samoa;Via Lot 1, Wailekutu;;Lami, Suva;;
FR11;CP:France-Paris-Colombes-Comm;9-11 rue du Débarcadère;;Colombes;;92700
FR12;OBS:CP:France-Nanterre-I&I;17,21 Ave des Champs Pierreux;;Nanterre;;92000
FR13;CP:France-Paris Colombes-Perfu;9-11 rue du Débarcadère;;Colombes;;92700
FR14;CP:France-Paris Colombes GEX C;9-11 rue du Débarcadère;;Colombes;;92700
FR15;OBS:CP:France-BoisColombes-COP;17,21 Ave des Champs Pierreux;;Nanterre;;92000
FR16;CP:France-Compiegne-Mfg Plant;60 Ave de Vermandois;B. P. 20253;Compiegne Cedex;;60202
FR21;CP:France-Rillieux-Mfg Plant;600 Avenue de L'Industrie;B. P. 121;Rilleus la Papa Cedex;;69145
FR31;CP:France-Paris Colombes-CPII;9-11 rue du Débarcadère;;Colombes;;92700
FR60;CP:France-Paris Colombes-BSC;9-11 rue du Débarcadère;;Colombes;;92700
FR63;CP:France-Paris Colombes AEA;9-11 rue du Débarcadère;;Colombes;;92700
FR64;CP:France-ParisColombes GEX BS;9-11 rue du Débarcadère;;Colombes;;92700
FR65;OBS:CP:France-Gaba;60 Ave de l'Europe;;Bois-Colombes, Paris;;92270
FR66;CP:France-Paris Colombes-CMS;9-11 rue du Débarcadère;;Colombes;;92700
FR67;CP:France-Paris  Colombes-CIC;9-11 rue du Débarcadère;;Colombes;;92700
FRG1;OBS:GABA:France-Paris-BoisCol;60 Ave de l'Europe;;Bois-Colombes, Paris;;92270
FRH1;Hill's:France-Nice/Valbonne;955 Route des Lucioles;Les Ecolucioles A2;Sophia Antipolis;;06904
GA01;CP:Gabon;Boulevard du bord de mer;;Libreville;;
GB01;CP:UK-London Guildford-Comm;Guilford Bus. Pk, Middleton Rd;;Guildford, Surrey;;GU2 8JZ
GB02;OBS:CP:UK-Salford-Mfg Plant;Colgate Lane;;Salford;;M5 3FS
GB41;OBS:CP:UK-Salford-Admin UK;Colgate Lane;;Salford;;M5 3FS
GBH1;Hill's:UK-London-Europe HQ;Guilford Bus. Pk, Middleton Rd;;Guildford, Surrey;;GU2 8JZ
GBH2;Hill's:UK-London UK Office;Guilford Bus. Pk, Middleton Rd;;Guildford, Surrey;;GU2 8JZ
GBH3;OBS:Hill's:UK-Watford-East Eur;Croxley Business Park;; Watford, Herts;;WD18 8WX
GE01;OBS:CP:Georgia;flat 14,11 Chavchavadze Street;;Tbilisi;;
GE02;CP:Georgia;flat 14,11 Chavchavadze Street;;Tbilisi;;
GF01;OBS:CP:French Guyana;Route deRaban;Lotissement Calimbe III;Cayenne;;97300
GH01;CP:Ghana;14 Senchi Street;Airport Residential;Accra;;
GP01;CP:Guadaloupe Branch;Immeuble Emeraude Blvd de Houe;Zone Industrielle de Jarry;Baie-Mahault;GP;97122
GR01;CP:Greece-Athens-Commercial;89, Athinon Street;;Piraeus;;185 41
GR40;CP:Greece-Athens-Mfg;89, Athinon Street;;Piraeus;;185 41
GR60;CP:Greece-Athens-Services;89, Athinon Street;;Piraeus;;185 41
GRH1;Hill's:Greece-Athens;89, Athinon Street;;Piraeus;;185 41
GT10;CP:Central America-SSO;Avenida del Ferrocarril 49-65;Zona 12;Guatemala City;;01012
GT11;CP:Central America-SSO-CBS;Avenida del Ferrocarril 49-65;Zona 12;Guatemala City;;01012
GT20;CP:Guatemala-GT;Avenida del Ferrocarril 49-65;Zona 12;Guatemala City;;01012
GY20;CP:Guyana;;;;;
HK01;OBS:CP Hong Kong Pers Area;28 Yun Ping Rd, CausewayBay;;Hong Kong;;
HK02;CP:Hong Kong-Hawley&Hazel;45, Wong Chuk Hang Road;;Aberdeen;;
HKA1;CP:Hong Kong-CPHK;52/F & 4908-10,HopeWell Center;183 Queen's Rd East;Wanchai, Hong Kong;;999077
HKA2;CP:Hong Kong-CPAP;52/F & 4908-10,HopeWell Center;183 Queen's Rd East;Wanchai,Hong Kong;;999077
HKA3;CP:Hong Kong-CPAP;183 Queen's Rd East;52/F & 4908-10,HopeWell Center;Wanchai,Hong Kong;;999077
HKB1;OBS:HK Warehouse;;;;;
HKH1;OBS:Hill's:Hong Kong;23/F, Causeway Bay Plaza 1;489 Hennessy Road;Causeway Bay, Hong Kong;;
HKH2;Hill's:Hong Kong;52/F, Hopewell Centre;183 Queen's Rd East;Hong Kong;004;999077
HN20;CP:Honduras-HN;Colonia Palmira,segunda calle,;Casa # 2244;Tegucigalpa;;
HR01;CP:Croatia (Adria);Iblerov trg 10;;Zagreb;;10000
HU01;CP:Hungary-Budapest-HQ;Hauszmann Alajos utca 3/A;;Budapest;;1117
HU02;OBS:CP:Hungary-Dorog-Plant;Esztergomi u. 27;;Dorog;;2510
HUH1;OBS:Hill's:Hungary-Budapest;Hauszmann Alajos utca 3/A;;Budapest;;1117
ID01;CP:Indonesia-Jakarta;Colgate Palmolive Indonesia,;JL.Panti Asuhan, No.2;Jakarta;27;13340
IE01;CP:Ireland-Dublin-Comm;Unit 3054, Lake Drive;Citywest Business Campus;Dublin;;24
IE02;CP:Ireland (EASSO)-Dublin;Unit 3054, Lake Drive;Citywest Business Campus;Dublin;;24
IEH1;Hill's:Ireland-Dublin;Unit 3054, Lake Drive;Citywest Business Campus;Dublin;;24
IL60;CP:Israel;Tel Aviv-BSC;Tel Aviv-BSC;;;
IN10;OBS:SEWREE PLANT;;;;;
IN11;CP:India-Aurangabad Plant;Plot No. B 14/150;M.I.D.C. Waluj Ind Area;Aurangabad;;431 136
IN12;OBS:CAMELOT PLANT;;;;;
IN14;CP:India-Mumbai Head Office;Main St, Hiranandani Gardens;Powai;Mumbai, Maharashtra State;;400 076
IN15;CP:India-Baddi Plant;Plot No. 78, EPIP Phase 1;Jharmajri,Baddi,PO Barotiwala;Solan;;174103
IN16;CP:India-Goa Plant;Plot No. 154,158 & 160.;Goa Plant;Kundaim Ind.  Estate  Goa;;403115
IN17;CP:India- Sanand Plant;GIDC,Plot No SM2,;Sanand Ph-II Industrial Estate;Taluka Sanand,Ahmedabad;;
IN18;OBS:CP:India-Mumbai-GSSO;Main St, Hiranandani Gardens;Powai;Mumbai, Maharashtra State;;400 076
IN19;CP:India-Sricity Plant;Sector 24,Sri City;6000 Central Expressway;Chittoor District;01;517588
IN20;CP:India:Mumbai:GIT;9&10 Flr,Tower B,L&T Bsnes Pk;L&T Gate 5,SakiVihar Rd,Powai;Mumbai;13;400072
IN21;CP:India:Mumbai:CBS;9&10 Flr,Tower B,L&T Bsnes Pk;L&T Gate 5,SakiVihar Rd,Powai;Mumbai;13;400072
IN62;OBS:CALCUTTA WAREHOUSE;;;;;
IN64;OBS:MADRAS WAREHOUSE;;;;;
IN70;CP:India-Mumbai Branch;Main St, Hiranandani Gardens;Powai;Mumbai, Maharashtra State;;400 076
IN71;CP:India-Chennai Branch;Qaiser Towers, 2nd Floor;K.Nawaz Khan Rd,Nungambakkam;Chennai;;600006
IN72;CP:India-Kolkata Branch;9th Floor,Vasundhara Building,;2/7, Sarat Bose Road,;Kolkatta;;700020
IN73;CP:India-Delhi Branch;3rd floor, Enkay Towers,;Udyog Vihar, Phase 5;Gurgaon;;122016
IN82;OBS:CP:India-Bhiwandi W/H;;;;;
IN99;OBS:CP:India-Nepal;Hetauda Ind Dist Ward No. 8;;Nepal, Kathmandu;;
IQ01;OBS:CP:Iraq;;;;IQ;
IR01;OBS:CP Iran;;;;;
IT01;CP:Italy-Rome-BSC;Via Alexandre Gustave Eiffel15;;Rome;;00148
IT02;CP:Italy-Anzio-Mfg Plant;Viale Palmolive, 18;;Anzio;RM;00042
IT03;CP:Italy-Rome-Commercial;Via Alexandre Gustave Eiffel15;;Rome;;00148
IT04;OBS:CP:Italy-Anzio-Commercial;Viale Palmolive, 18;;Anzio;;00042
IT05;OBS:CP:Italy-Rome-Mfg Plant;Via Alexandre Gustave Eiffel15;;Rome;;00148
IT60;CP:Italy-Anzio- BSC;Viale Palmolive, 18;;Anzio;;00042
ITG1;OBS:GABA:Italy-Rome;Via Alexandre Gustave Eiffel15;;Rome;;00148
ITH1;Hill's:Italy-Rome- SpA;Via Alexandre Gustave Eiffel15;;Rome;;00148
ITH2;Hill's:Italy-Rome- SrL;Via Alexandre Gustave Eiffel15;;Rome;;00148
JM20;CP:Jamaica;216 Marcus Garvey Drive;;Kingston 11;JM;
JPHA;Hill's:Japan-Tokyo;5-25, Nibancho;;Chiyoda-ku, Tokyo;;102-0084
JPHB;OBS:Hill's Asia;;;;;
JPHC;OBS:Hill's:Japan-Tokyo-AP Bra;5-25, Nibancho;;Chiyoda-ku, Tokyo;;102-0084
KE01;CP:Kenya;P.O. Box 30264;;Nairobi;;00100
KG01;OBS:CP:Kyrgyzstan-Bishkek;Str. 7 Chaikovskogo;;Bishkek;;720027
KH01;CP:Cambodia;# 65, St 242, Chaktomuk Commun;Daun Penh District,;Phnom Penh;;
KRH1;Hill's:South Korea-Seoul;Samseong-dong, 27th Fl;511 Yeongdong-daero;Gangnam-gu, Seoul;;135-729
KS01;OBS:CP:Kosovo;;;;;
KZ01;CP:Kazakhstan;132, Dostyk Avenue;Office #39, 2nd Fl;Almaty;;050051
KZ02;OBS:CP:Kazakhstan-NX01;132, Dostyk Avenue;Office #39, 2nd Fl;Almaty;;050051
LA01;CP:Laos;No.342  Unit 10  Bann. Dondaen;Chanthabouly District;Vientiane;;
LAHA;OBS:Hill's Latin America;;;;;
LB01;CP:Lebanon-Beirut;;;;;
LT01;CP:Lithuania-Vilnius (Baltics;Vilandes Str., No. 12;;Riga;;LV-1010
LV01;OBS:CP:Latvia-Riga (Baltics);Duntes Str. 23a;;Riga;;LV-1005
LV02;CP:Latvia-Riga (Baltics);Duntes Str. 23a;;Riga;;LV-1005
MA01;CP:Morocco;Rue Fatima Bent M'Barek;B.P. 7565;Casablanca;;20600
ME01;OBS:CP:Montenegro (Adria);Omladinskih brigada 102;;Belgrade;;11070
MG01;CP:Madagascar;Netter, Antananarivo;Netter, Antananarivo;Ankorondrano;;4000188
MK01;CP:Macedonia (Adria);Bulevar Vojvodina 4;;Skopje;;1000
ML01;CP:Mali;Rus Achkabad Porte 174Somakoff;Rus Achkabad Porte 174Somakoff;Bamako;;4000179
MM01;CP:Myanmar-Commercial;Flat 39/1&39/2, Strand Mansion;No. 24,39th street;Yangon;;
MM02;CP:Myanmar-Plant;No.(101) Cherry Street;Industrial Zone (1);Yangon;;
MN01;OBS:CP:Mongolia;Chingis Ave.,Khan-Uul district;;Ulaanbaatar-36,;;
MQ01;CP:Martinique Branch;Immeuble les Paletuviers;Z.I. La Levarde;Le Lamentin;MQ;97232
MW01;CP:Malawi;Old Import & Export Wse;Mcleod Road;Blantyre;;
MX00;CP:Mexico-DF-CBS;Av. Ejercito Nacional Mexicano;843-B, Piso 6. Col. Granada,;Del.Miguel Hidalgo;DF;11520
MX10;CP:Mexico - DF;Av. Ejercito Nacional Mexicano;843-B, Piso 6, Col. Granada;Del.Miguel Hidalgo;DF;11520
MX11;CP:Mexico (Mission Hills);Av. Bicentenario 374;Km 0.5 Carr a SJI;San Jose Iturbide;GTO;37980
MX12;CP:Mexico-Culiacan;Av. Insurgentes 847 Sur 401A;;Culiacan;SIN;80220
MX13;CP:Mexico-Guadalajara;Edificio Campo Polo 4to piso;Av.LMateos  Sur1480-Chapalita;Guadalajara;JAL;45040
MX14;CP:Mexico-Merida;Calle 1-C # 329 X 42 Y 44;Fraccionamiento Campestre;Merida;YUC;97120
MX15;CP:Mexico-DF-Estrellas Colgate;Calzada de las Aguilas # 3116;Fraccionamiento Villa Verdun;Del. Alvaro Obregon;DF;01810
MX16;OBS:CP:Mexico-DF-Tultitlan;Estado de Mexico;Col. San Antonio Tultitlan;Estado de Mexico;MEX;54900
MX17;CP:Mexico-Monterrey;Los Soles Av. L Cardenas 2400A;NaveA local51-2-Res.Sn Agustin;San Pedro Garza Garcia;NL;66267
MX18;CP:Mexico-Field Sales;;;;;
MX19;CP:Mexico-Macrocentro;Km .340 Carr.San Jose Iturbide;La Cinta;San Jose Iturbide;GTO;37980
MX20;OBS:CP:Mexico - INCREA TULTITL;Ave Tepalcapa no. 8, Colonia S;;Tultitlán Estado de Méxic;MEX;54900
MX21;OBS:San José Iturbide;Km. 48 de la Carretera 57 a S.;;San José Iturbide;;37980
MX22;OBS:Barrientos;Prolongacion Hidalgo No. 62;;Tlalnepantla;;54010
MX23;OBS:Guadalajara;Paseo del Valle No. 5200, Edif;;Zapopan;;45010
MX24;OBS:CP:Mexico - INCREA MONTERR;Ave López Mateos no. 4118-B,;;Monterrey Nuevo León;;C.P. 66420
MX25;OBS:Mérida;Av. Palma Real Tablaje Catastr;;Mérida;;97390
MX26;OBS:Chihuahua;Av. Lus G. Urbina Esq. Av Octa;;Chihuahua;;31109
MX28;OBS:Mexicali;Blvd. Lazaro Cardenas No. 4050;;Mexicali;;21600
MX29;CP:Mexico (Mission Hills)-CBS;Av. Bicentenario 374;Km 0.5 Carr a SJI;San Jose Iturbide;GTO;37980
MX32;OBS:Guanajuato;Bodegas 10, 11, 12 y 13, Acces;;Querétaro;;76160
MX45;OBS:Rhodia;Calle San Rafael No. 12;;Lerma;;
MX90;OBS:Tienda Empleados DF;Presa La Angostura No. 225;;Mexico;;11500
MX91;OBS:Tienda Empleados MH;Carr. Fed. #57, Km 47 Carr. En;;San José Iturbide;;37980
MXH1;Hill's:Mexico - DF;Av. Ejercito Nacional Mexicano;843-B, Piso 6, Col. Granada;Del.Miguel Hidalgo;DF;11520
MY02;OBS:CP Marketing Personnel Are;;;PJ;;50734
MY10;CP:Malaysia-PJ-Sub;Jalan Semangat/Jalan Bersatu;Section 13;Petaling Jaya, Selangor;;46200
MY1A;CP:Malaysia-PJ-NonSub;Jalan Semangat/Jalan Bersatu;Section 13;Petaling Jaya, Selangor;;46200
MY1B;CP:Malaysia-Field Sls-MYMISC;;;;;
MY50;CP:Malaysia-PJ-CPM;Jalan Semangat/Jalan Bersatu;Section 13;Petaling Jaya, Selangor;;46200
MY51;CP:Malaysia-Field Sales-West;;;;;
MY52;OBS:BUTTERWORTH;;;;;
MY53;OBS:IPOH;;;;;
MY55;OBS:KUANTAN;;;;;
MY56;OBS:KOTA BARU;;;;;
MY57;OBS:MELAKA;;;;;
MY58;OBS:JOHOR BARU;;;;;
MY5A;CP:Malaysia-PJ-APSSO;Jalan Semangat/Jalan Bersatu;Section 13;Petaling Jaya, Selangor;;46200
MY61;CP:Malaysia-Field Sales-East;;;;;
MY62;OBS:SIBU;;;;;
MY63;OBS:MIRI;;;;;
MY65;OBS:KOTA KINABALU;;;;;
MY66;OBS:SANDAKAN;;;;;
MY67;OBS:TAWAU;;;;;
MYID;CP:Malaysia-Fld Sls-Indonesia;;;;;
MZ01;CP:Mozambique;De Angola 272;;Maputo;;
NA01;OBS:CP Namibia AME;;;;;
NC01;CP:New Caledonia;59 Rue F. Forest;BP 600;Noumea;NC;98845
NG01;CP:Nigeria;3rd Floor, NECA House,;Plot A2, Hakeem Balogun Street;Alasusa,Ikeja;LA;
NI20;CP:Nicaragua-NI;Km 11.4 Carretera Nueva a Leon;;Managua;;
NL01;CP:Netherlands-Weesp-Comm;Leeuwenveldseweg 3F;;Weesp;;1382 LV
NL03;OBS:CP:Netherlands-Sanex R&D;Leeuwenveldseweg 5F;;Weesp;;1382 LV
NLG1;OBS: GABA:Netherlands;Leeuwenveldseweg 5N;;Weesp;;1382 LV
NLH1;Hill's:Netherlands-BLX-Breda;Westbroek 60-62;;Breda;;4822 ZW
NLH2;Hill's:Netherlands-EL-Plant;Zeedijk 23;;Etten Leur;;4871 NM
NLH3;OBS:Hill's:Netherlands-EL-13.0;Zeedijk 23 -4871 NM Etten Leur;;Etten Leur;;4870 AM
NLH4;OBS:Hill's:Netherlands-EL-CSL;Zeedijk 23;;Etten Leur;;4871 NM
NLH5;Hill's:Netherlands--Breda-CP;Westbroek 60-62;;Breda;;4822 ZW
NO01;CP:Norway-Lysaker;Vollsveien 13 B;;Lysaker;;1366
NOH1;Hill's:Norway;Vollsveien 13 B;;Lysaker;;1366
NZ10;CP:New Zealand-Wellington;Westfield Tower, 45 Knights Rd;;Lower Hutt, Wellington;;5045
NZ20;OBS:CP:New Zealand-Seaview;11-13 Barnes St;Seaview;Wellington;;
NZ30;CP:New Zealand-Auckland;Central Park Corp Ctr, Bldg 10;Lvl 5, 666 Great South Road;Greenlane, Auckland;;1642
NZ40;CP:New Zealand-Christchurch;Westfield Tower, 45 Knights Rd;;Lower Hutt, Wellington;;5045
NZH1;Hill's:New Zealand;Central Park Corp Ctr. Bldg 10;Lvl 5, 666 Great South Road;Greenlane, Auckland;;1642
PA20;CP:Panama-PA;P.O. Box 0819-05220;;Betania;;
PE01;CP:Peru-Lima;Grimaldo Del Solar 346;Miraflores;Lima;;18
PE10;OBS:CP Rimac Plant;Jr Fausto Gastaneta 154;;Lima 25;;
PE20;OBS:CP Callao Dist Center;Jr Pacifico No. 482;;Callao 3;;
PF01;CP:French Polynesia-Tahiti;P.K. 4.5 Cote Montagne;BP 14168;Arue;;98701
PG10;CP:Papua New Guinea-Lae;1 Seagull Street;;Voco Point, Lae;;411
PG20;CP:Papua New Guinea-Pt Moresby;Level 2, SVS Bldg,Harbour City;;Konedobu, Port Moresby;;
PH10;CP:Philippines - Taguig;22 Upper McKinley Road;Fort Bonifacio;Taguig City;;1634
PH50;OBS:Pasig;;;;;
PL01;CP:Poland-Warsaw HQ;ul. Wybrzeze Gdynskie 6D;Athina Park;Warsaw;;01-531
PL02;OBS:CP:Poland-Halinow Plant;ul. Hipolitowska 32;;Halinow;;05-074
PL40;CP:Poland-Swidnica Plant;Aleja Colgate 2;;Swidnica;PL;58-100
PL41;OBS:CP:Poland-Halinow Plant;ul. Hipolitowska 32;;Halinow;PL;05-074
PL60;CP:Poland-Warsaw- BSC;ul. Tasmowa 7;;Warsaw;;02-677
PL61;CP:Poland-Warsaw Serv. CBS;ul. Tasmowa 7;;Warsaw;;02-677
PL62;CP:Poland-Swidnica-BSC;Aleja Colgate 2;;Swidnica;;58-100
PLH1;Hill's:Poland;ul. Wybrzeze Gdynskie 6D;Athina Park;Warsaw;;01-531
PR01;CP:Puerto Rico-Metro;PO Box 363865;;San Juan;PR;00936-3865
PR02;OBS:Puerto Rico: Guayama;;;;PR;
PR03;OBS:Puerto Rico: Juncos;;;;;
PR04;CP:Puerto Rico-IES Enterprise;Road 31 No. 100;;San Juan;;00777-3802
PR05;CP:Caricom-Puerto Rico;PO Box 363865;;San Juan;PR;00936-3865
PR06;CP:Caricom-Puerto Rico-CBS;PO Box 363865;;San Juan;PR;00936-3865
PRH1;OBS:Hill's:Puerto Rico;PO Box 363865;;San Juan;PR;00936-3865
PT01;CP:Portugal-Porto Salvo-CommHQ;Lagoas Park, Edificio 15;3. Andar;Porto Salvo;;2740-262
PT02;OBS:CP:Portugal-Alverca-Mfg Pl;Estrada Nacional No.10;;Alverca;;2615-699
PT03;OBS:CP:Portugal-Trofa-Mfg Plan;;;Trofa;;
PY10;CP:Paraguay-Asuncion;Av. Aviadores del Chaco 2917;c/Molas Lopez;Asuncion;;
RE01;CP:Reunion-SIB;21 Rue Jules Verne;B.P. 100;Le Port Cedex;;97823
RE02;CP:Reunion-Branch;Centre d'affaires Savanna/Lot;12 rue Jules Thirel BP 60100;Saint Paul cedex;;97862
RO01;CP:Romania-Bucharest-Comm Srl;Gara Herastrau Street, no. 4C,;BuildingB,2nd floor,GreenCourt;Bucharest, 2nd District;;20334
RO02;OBS:CP:Romania-Brasov Mfg Toll;49 Iuliu Maniu Bd.;;Brasov;;500091
RO03;OBS:CP:Romania-Brasov Comm Srl;Grivitei  Street , No. A 96;;Brasov;;500173
ROH1;Hill's:Romania-Bucharest;Gara Herastrau Street, no. 4C;Building B, 2nd floor, Green C;Bucharest, 2nd District;;20334
RS01;CP:Serbia-Belgrade;Batajnicki Drum 283 F;;Belgrade;;11070
RU01;CP:Russia-Moscow;17/1 Krylatskaya Street;;Moscow;;121614
RUG1;OBS:GABA:Russia-Moscow;Leningradsky Prospect, 37/9, “;;Moscow;;125167
RUH1;OBS:Hill's:Russia-Moscow;Regus Business Centre LLC;Smolenskaya Square, Bld. 3;Moscow;;121099
RUH2;Hill's:Russia-Moscow;Regus Business Centre LLC;Smolenskaya Square, Bld. 3;Moscow;;121099
RW01;CP:Rwanda;Sulfo Road, Global Rwanda Sarl;Sulfo Road, Global Rwanda Sarl;Kigali;;4000183
SA01;CP:Saudi Arabia;P.O. Box 2771;;Dammam;;31461
SA02;CP:Saudi Arabia-Olayan JV-Mfg;P.O. Box 2771;;Dammam;;31461
SA03;CP:Saudi Arabia-Olayan JV-Comm;P.O. Box 2771;;Dammam;;31461
SE01;CP:Sweden-Danderyd;Svardvagen 23;PO Box 560;Danderyd;;SE-182 15
SEH1;Hill's:Sweden-Danderyd;Svardvagen 23;PO Box 560;Danderyd;;SE-182 15
SG99;CP:Singapore-CP Eastern;350 Orchard Road;#18-08 Shaw House;Singapore;;238868
SGHA;OBS:Hill's:Singapore;350 Orchard Road;#18-08 Shaw House;Singapore;;238868
SI01;CP:Slovenia (Adria);Verovskova 55;;Ljubljana;;1000
SK01;OBS:CP: Slovakia-Bratislava;;;;;
SK02;CP:Slovakia-Bratislava (Euro);Grosslingova 4;;Bratislava;;811 09
SKH1;Hill's:Slovakia-Bratislava;Grosslingova 4;;Bratislava;;811 09
SN01;CP:Senegal;Km 2 Bd. Du Centenaire de la;Commune de Dakar;Dakar;;
SR01;OBS:CP: Serbia (Adria);Kraljice Katerine 84/7;;Belgrade;;11000
SV20;CP:El Salvador-SV;Blvd Pinza Calle L2 y L3 #11;Ciudad Merliot;La Libertad;;
T508;CP:Thailand-IHQ Services;Klong Toey Sub-district,;No. 19 Sunthornkosa Rd;Bangkok;;10110
T510;CP:Thailand-Klongtoey;19 Na Ranong Road;Sunthorn Kosa Rd;Bangkok;;10110
T511;CP:Thailand-Bangpakong;Banga-Trad Km 57, Amphur Muang;;Chonburi;;20000
T5H1;OBS:Hill's:Thailand-Klongtoey;19 Na Ranong Road;Sunthorn Kosa Rd;Bangkok;;10110
T5H2;Hill's:Thailand-Klongtoey;19 Na Ranong Road;Sunthorn Kosa Rd;Bangkok;;10110
T610;CP:Thailand-Klongtoey-6 day;19 Na Ranong Road;Sunthorn Kosa Rd;Bangkok;;10110
T611;CP:Thailand-Bangpakong-6 day;Banga-Trad Km 57, Amphur Muang;;Chonburi;;20000
TH50;OBS:CP:Thailand-Klongtoey;19Off Na-Ranong Rd,Sunthornkos;;Klongtoey, Bangkok;;10110
TH51;OBS:CP:Thailand-Bangpakong;700/362 Amata Nakorn, Bangna-T;;Amphur Muang, Chonburi;;20000
TH60;OBS:CP:Thailand-Klongtoey-6day;19Off Na-Ranong Rd,Sunthornkos;;Klongtoey, Bangkok;;10110
TH61;OBS:CP:Thailand-Bangpakong-6da;700/362 Amata Nakorn, Bangna-T;;Amphur Muang, Chonburi;;20000
TJ01;OBS:CP:Tadzhikistan;No:21, Halturin Street,;;Dushanbe;;
TM01;OBS:CP:Turkmenistan;3, Universitetsky str, Asia Tr;;Ashgabat,;;
TN01;CP:Tunisia;Zone Industrielle Municipale;BP142;Rades;TN;2040
TN02;CP:Tunisia-Genese;Zone Industrielle Municipale;BP142;Rades;TN;2040
TR01;CP:Turkey Commercial;Sanayi Caddesi No.3 Kat.5;Kucukyali, Maltepe;Istanbul;;34854
TR02;OBS:Turkey GEBZE Plant;;;;;
TR03;OBS:CP Turkey Haci Sacir;;;;;
TR04;CP:Turkey-New Geos Office;Sanayi Caddesi No.3 Kat.5;Kucukyali, Maltepe;Istanbul;;34854
TR05;CP:Turkey-Gebze Plant;Ihsan Dede Cad. No. 141;;Gebze - Kocaeli;;41700
TR06;CP:Turkey-Istanbul Sales Ofc;Bostanci Dudullu Yolu Bey;;Yukari Dudullu;;
TR07;CP:Turkey-Ankara Sales Ofc;4. Cad. 67. Sok.Tetik apt.;;Emek Ankara 17/7;;
TR08;CP:Turkey-Izmir Sales Ofc;Kazim Dirik Mah.274.SOK Basar;;Bornova Izmir;;
TR40;OBS:CP:Turkey-Izmir Sales Ofc;Kazim Dirik Mah.274.SOK Basar;;Bornova Izmir;;
TRH1;Hill's:Turkey-Istanbul;Sanayi Caddesi No.3 Kat.5;Kucukyali, Maltepe;Istanbul;;34854
TT20;CP:Trinidad;Cor. Mocoya Rd & Churchill;;Trincity;TT;
TW01;CP:Taiwan-Hawley&Hazel;9/F No. 2, Section 1;Dun Hua South Road;Taipei;;10506
TWH1;Hill's:Taiwan-Taipei;9/F No. 2, Section 1;Dun Hua South Road;Taipei;;10506
TZ01;CP:Tanzania;Safasha Place Bld, Plot 74/7B,;;Dar es Salaam;;
UA01;CP:Ukraine-Kyiv;Dymytrova 16-G Str;Citibank Bldg 4th Fl;Kyiv;;03150
UAH1;Hill's:Ukraine;Dymytrova 16-G Str;Citibank Bldg 4th Fl;Kyiv;;03150
UG01;CP:Uganda;Plot No M466,Charms (Uganda) L;Charms (Uganda) Limited;Kampala;;4000185
US10;CP:US-Burlington-USCO;400 Elbow Lane;;Burlington;NJ;08016
US11;OBS:CP:US-Burlington-Glob Tech;400 Elbow Lane;;Burlington;NJ;08016
US12;OBS:CP:US-Burlington-CS&L;400 Elbow Lane;;Burlington;NJ;08016
US23;OBS:Softsp(Chsk):CPUS;132 Columbia Court South;;Chaska;MN;55318
US25;OBS:Topeka:Hills;;;Topeka;KS;66601-0148
US30;CP:US-Atlanta-CS&L;3100 Cumberland Blvd Suite 700;;Atlanta;GA;30339
US31;OBS:CP:US-Mtown-CDO-USCO;191 East Hanover Avenue;;Morristown;NJ;07962-1928
US32;CP:US-Smyrna-CDO-USCO;3100 Cumberland Blvd.;Suite 700;Atlanta;GA;30339
US33;CP:US-Rhode Island-CDO-USCO;42 Albion Road;Suite 201;Lincoln;RI;02865
US34;CP:US-Nashville-CDO-USCO;1000 Northcase Blvd, Suite 100;;Goodlettsville;TN;37072
US35;CP:US-Charlotte-CDO-USCO;9300 Harris Corners Parkway;Suite 330;Charlotte;NC;28269
US36;CP:US-Boise-CDO-USCO;950 West Bannock Street;Suite 470;Boise;ID;83702
US37;CP:US-Field West-CDO-USCO;;;;;
US38;CP:US-Field Central-CDO-USCO;;;;;
US39;CP:US-Field East-CDO-USCO;;;;;
US40;OBS:IPD(Mtown):CPUS;Hanover Avenue;;Morristown;NJ;07912
US41;OBS:IPD(Texark):CPUS;303 Falvey Blvd.;;Texarkana;TX;75501
US42;OBS:NC Reg Sls:CPUS;2850 W. Golf Road, Suite 720;;Rolling Meadows.;IL;60009
US43;OBS:NE Reg Sls:CPUS;One Centennial;;Piscataway;NJ;08855
US44;OBS:Pac Reg Sls:CPUS;8001 Irvine Center Drive;;Irvine;CA;92718
US45;OBS:So Reg Sls:CPUS;2233 Lake Park Dr., Suite 360;;Smyrna;GA;30080
US46;CP:US-Rogers-CDO-USCO;5211 Village Parkway Suite 201;;Rogers;AR;72758
US47;OBS:KMart:CPUS;200 E. Big Beaver Road;;Troy;MI;48083
US48;CP:US-Minneapolis-CDO-USCO;801 Nicollet Mall, Suite 800;;Minneapolis;MN;55402
US49;CP:US-Field-CDO-USCO;;;;;
US50;CP:US-Cincinnati-CDO-USCO;4680 Parkway Drive, Suite 410;;Mason;OH;45040
US51;CP:US-Schaumburg-CDO-USCO;1700 East Golf Road;Suite 500;Schaumburg;IL;60173
US52;CP:US-Tennessee-USCO;200 Centennial Court;;Morristown;TN;37814
US53;CP:US-Tennessee-Global Tech;200 Centennial Court;;Morristown;TN;37814
US54;CP:US-Topeka-Corp (Hill's);400 SW 8th Avenue;;Topeka;KS;66603
US55;OBS:CP:US-Topeka-GblTechHill's;400 SW 8th Avenue;;Topeka;KS;66603
US56;CP:US-Rogers-Corporate;5211 Village Parkway Suite 201;;Rogers;AR;72758
US57;CP:US-Scottsdale-PCA;6210 E. Thomas Rd, Suite 200;;Scottsdale;AZ;85251
US59;CP:US-Nashville-Corporate;1000 Northcase Blvd, Suite 100;;Goodlettsville;TN;37072
US61;OBS:CP:US-Topeka-Corporate;P.O. Box 148;;Topeka;KS;66601-0148
US62;OBS:Canton: Global Growth;;;;;
US63;OBS:CP:US-Dallas-Global Tech;14335 Gillis Road;;Dallas;TX;75034
US64;OBS:CP:US-Bentonville-Gbl Tech;5211 Village Parkway Suite 201;;Rogers;AR;72758
US65;OBS:CP:US-Topeka-Global Tech;P.O. Box 148;;Topeka;KS;66601-0148
US66;OBS:CP:US-Mtown-Corporate;191 East Hanover Avenue;;Morristown;NJ;07962-1928
US67;OBS:CP:US-Mtown-Global Tech;191 East Hanover Avenue;;Morristown;NJ;07962-1928
US68;CP:US-Mtown-USCO;191 East Hanover Avenue;;Morristown;NJ;07962-1928
US69;OBS:CP:US-Mtown-Quality-USCO;191 East Hanover Avenue;;Morristown;NJ;07962-1928
US70;OBS:CP:US-Dallas-COP;14335 Gillis Road;;Dallas;TX;75034
US71;CP:US-Dallas-COP-Other;14335 Gillis Road;;Dallas;TX;75034
US72;CP:US-Greenwood-USCO;5421 US 25 N;;Hodges;SC;29653
US78;CP:US-Cambridge-USCO;8800 Guernsey Road;;Cambridge;OH;43725
US79;CP:US-Cambridge-Global Tech;8800 Guernsey Road;;Cambridge;OH;43725
US80;CP:US-Piscataway-Corporate;909 River Road;;Piscataway;NJ;08855
US81;CP:US-Piscataway-USCO;909 River Road;;Piscataway;NJ;08855
US82;CP:US-Piscataway-Global Tech;909 River Road;;Piscataway;NJ;08855
US83;CP:US-New York-Asia Div;300 Park Avenue;;New York;NY;10022
US84;CP:US-New York-Latin Amer Div;300 Park Avenue;;New York;NY;10022
US85;CP:US-New York-AMED Div;300 Park Avenue;;New York;NY;10022
US86;CP:US-Piscataway-GIT/CBS;909 River Road;;Piscataway;NJ;08855
US87;CP:US-Piscataway-Supply Chain;909 River Road;;Piscataway;NJ;08855
US90;CP:US-Atlanta-Global Tech;3100 Cumberland Blvd Suite 700;;Atlanta;GA;30339
US91;OBS:Jeff:Global Growth;1410 S. Clark Blvd;;Jeffersonville;IN;47129
US92;OBS:Jeff:CPUS;1410 S. Clark Blvd.;;Jeffersonville;IN;47129
US93;OBS:Kansas City:Global Growth;1806 Kansas Avenue;;Kansas City;KS;66105-1124
US94;OBS:Kansas City:CPUS;1806 Kansas Avenue;;Kansas City;KS;66105
US95;OBS:Murph(Solon):CPUS;6550 Davis Industrial Pkwy.;;Solon;OH;44139
US96;CP:US-New York-USCO;300 Park Avenue;;New York;NY;10022
US97;CP:US-New York-Global Tech;300 Park Avenue;;New York;NY;10022
US98;CP:US-New York-Corporate;300 Park Avenue;;New York;NY;10022
US99;OBS:CP:US-New York-Intl Div;300 Park Avenue;;New York;NY;10022
USBK;OBS:CP US Berkley;;;;;
USD1;Hill's:US-Greensboro;311-G Chimney Rock Road;c/o APL Logistics;Greensboro;NC;27409
USD2;Hill's:US-Columbia;760 Rosewood Drive;;Columbia;SC;29201-4634
USD3;Hill's:US-Richmond IN-Plant;2325 Union Pike;;Richmond;IN;47374
USDS;CP:Hill's:US-Topeka-Corp;400 SW 8th Avenue;;Topeka;KS;66603
USH0;Hill's:US-Denver;P.O. Box 17729;;Denver;CO;80217
USH1;Hill's:US-Las Vegas;4900 Engineer Way,Ste106;c/o NYK;N. Las Vegas;NV;89030
USH2;Hill's:US-Chester;68 Tetz Road, Suite C;c/o APL;Chester;NY;10918
USH3;Hill's:US-Dallas;4003 Giffort Street, Suite 300;;Grand Prairie;TX;75050
USH4;Hill's:US-Houston;755 Bradfield Rd.;;Houston;TX;77060
USH5;Hill's:US-New Orleans;41347 S Range Road;c/o SPS;Ponchatoula;LA;70454
USH6;Hill's:US-San Antonio;121 Interpark Blvd Ste 1101;;San Antonio;TX;78216
USH7;OBS:Hill's:US-Chicago;749 N. Baker Dr.;c/o Jenson-Souders Assoc.;Itasca;IL;60143
USH8;OBS:Hill's:US-Lansing;2130 Apollo Dr.;;Lansing;MI;48906
USH9;Hill's:US-Boise;1450 N Hickory Ave;Diamond Line Delivery;Meridian;ID;83642
USHA;Hill's:US-Topeka-Corp;400 SW 8th Avenue;;Topeka;KS;66603
USHB;Hill's:US-Topeka-Corp-Sales;400 SW 8th Avenue;;Topeka;KS;66603
USHC;Hill's:US-Topeka-PNC;P.O. Box 1658;;Topeka;KS;66601-1658
USHD;Hill's:US-Topeka-Plant;320 E. Crane Street;;Topeka;KS;66603
USHE;Hill's:US-Bowling Green;151 Turner Court;;Bowling Green;KY;42101
USHF;OBS:Hill's:US-Los Angeles;6041 South Malt Avenue;;Los Angeles;CA;90040
USHG;OBS:Hill's Richmond;;;;;
USHH;Hill's:US-Field Sales-Pet;;;;;
USHI;Hill's:US-Field Sales-Vet;;;;;
USHJ;Hill's:US-Field Cust Supply;;;;;
USHK;Hill's:US-Topeka-Global Tech;400 SW 8th Avenue;;Topeka;KS;66603
USHL;OBS:Hill's:US-Topeka-PNC (IN);P.O. Box 1658;;Topeka;KS;66601-1658
USHM;OBS:Hill's:US-Topeka-Corp (IN);400 SW 8th Avenue;;Topeka;KS;66603
USHN;Hill's:US-Richmond IN-Plant;2325 Union Pike;;Richmond;IN;47374
USHO;Hill's:US-Topeka-Corp-CS&L;400 SW 8th Avenue;;Topeka;KS;66603
USHP;OBS:Hill's:US-BowlingGreen(IN);151 Turner Court;;Bowling Green;KY;42101
USHQ;Hill's:US-Emporia;400 S. Weaver;;Emporia;KS;66801
USHR;Hill's:US-Atlanta;1955 Evergreen Blvd, Ste 250;;Duluth;GA;30096
USHS;Hill's:US-Ft Lauderdale;15751 SW 41st St,Ste 200;;Davie;FL;33331
USHT;Hill's:US-Nashville;285 Tech Park Dr, Ste1700;c/o APL;LaVergne;TN;37086
USHU;Hill's:US-Tampa;2000 N. 62nd St.;c/o National Dist Ctrs;Tampa;FL;33619
USHV;Hill's:US-Jacksonville;3028 Mercury Rd, Unit 2;;Jacksonville;FL;32207-7915
USHW;Hill's:US-Rochester;395 Summit Point Dr Ste 6A;;Henrietta;NY;14467
USHX;Hill's:US-Mansfield;390 Oakland Street;c/o Tighe Warehouse;Mansfield;MA;02048-1516
USHY;Hill's:US-Baltimore;6635 Business Parkway;c/o APL Logistics;Elkridge;MD;21075
USHZ;Hill's:US-Memphis;1682 Shelby Oaks Dr. N. Ste 9;;Memphis;TN;38134
USIN;CP:US-Intl-Expt & Lcl N;300 Park Avenue;;New York;NY;10022
USJC;OBS:CP US Jersey City;;;;;
USL0;Hill's:US-BSBF Locations;;;;;
USL1;OBS:CP:Hill's:US-Phoenix-PETsM;22601 N. 19th Ave., Suite 206;;Phoenix;AZ;85027
USL2;OBS:CP:Hill's:US-Topeka-PNC;P.O. Box 1658;;Topeka;KS;66601-1658
USL3;OBS:CP:Hill's:US-Richmond IN;P.O. Box 2146;;Richmond;IN;47375
USL4;OBS:Hill's:US-Emporia (IN);400 S. Weaver;;Emporia;KS;66801
USL5;OBS:CP:Hill's:US-Emporia;P. O. Box 847;;Emporia;KS;66801-0847
USL6;Hill's:US-Mobile;5228 Halls Mill Rd Stes I & G;;Mobile;AL;36619
USL7;OBS:CP:Hill's:US-Topeka Plant;320 E. Crane Street;;Topeka;KS;66603
USL8;OBS:Hill's:US-Emporia-CS&L;P. O. Box 847;;Emporia;KS;66801-0847
USL9;Hill's:US-Corporate Vet Affair;400 SW 8th Avenue;;Topeka;KS;66603
USLA;Hill's:US-Fresno;3545 E. Date Ave.;c/o Royal Express;Fresno;CA;93725
USLB;Hill's:US-Albuquerque;2801 Broadbent Pkwy NE Ste A;;Albuquerque;NM;87107
USLC;Hill's:US-Phoenix;435 S 59th Ave;c/o UpDike Warehousing;Phoenix;AZ;85043
USLD;Hill's:US-Portland;16530 SW 72nd Ave;c/o Bridgeport Dist;Portland;OR;97224
USLE;Hill's:US-Vacaville;1070 Piper Drive;c/o Updike Dist Logistics;Vacaville;CA;95688
USLF;Hill's:US-Salt Lake City;1711 S. 4650 W.;Aspen Distribution;Salt Lake City;UT;84104
USLG;OBS:Hill's:US-Hayward;c/o GSC Logistics;24 Cannery Court;Hayward;CA;94544
USLH;Hill's:US-Seattle;22434 76th Ave;c/o Holman Dist. Services;South Kent;WA;98032
USLI;Hill's:US-Ontario;5725 East Jurupa Street;c/o Holman Dist. Services;Ontario;CA;91761
USLJ;Hill's:US-Butte;2755 Lexington Ave;Mergenthaler Transfer & Storag;Butte;MT;59701
USLK;Hill's:US-Anchorage;1300 W 56th Ave, Ste 14;c/o American Fast Freight;Anchorage;AK;99518
USLL;Hill's:US-Richmond IN-Wse1;2859 N. Salisbury Road;;Richmond;IN;47374
USLM;Hill's:US-Richmond VA;8420 Meadowbridge Rd Ste B;;Mechanicsville;VA;23116
USLN;Hill's:US-Westfield;61 Union St.;;Westfield;MA;01085
USLO;Hill's:US-Field-Vet Affairs;;;;;
USLP;Hill's:US-San Diego-Petco;12730 High Bluff Dr Suite 350;;San Diego;CA;92130
USLQ;Hill's:US-Grants Pass;1899 SE Stephens;c/o USF Reddaway;Roseburg;OR;97470
USLR;Hill's:US-Orlando;8350 Parkline Blvd #6;;Orlando;FL;32809
USLS;Hill's:US-Spokane;1220 North Havana;c/o Oak Harbor Freight Lines;Spokane;WA;99202
USLT;Hill's:US-Yakima;1505 East Mead Ave.;c/o Oak Harbor Freight Lines;Yakima;WA;98901
USLU;Hill's:US-Phoenix-PETsMART;22601 N. 19th Ave., Suite 110;;Phoenix;AZ;85027
USLV;OBS:Hill's:US-Richmond IN-Wse2;1200 Industries Road;;Richmond;IN;47374
USLW;OBS:CP:Hill's:US-Bowling Green;P.O. Box 30309;;Bowling Green;KY;42102-5309
USLX;OBS:CP:Hill's:US-Los Angeles;6041 South Malt Avenue;;Los Angeles;CA;90040
USLY;OBS:CP:Hill's:US-Field Sales;;;;;
USLZ;OBS:CP:Hill's:US-San Diego-Pet;12707 High Bluff Drive;Suite #200;San Diego;CA;92130
USP1;OBS:COP (Canton):CPUS;One Colgate Way;;Canton;MA;02021
USP2;CP:US-New York-COP;300 Park Avenue;;New York;NY;10022
USP3;CP:US-Field-COP;;;;;
USRT;CP:US-Retirees;;;;;
USSF;OBS:CP:US-Pleasanton-CDO-USCO;6160 Stoneridge Mall Road;Suite 120;Pleasanton;CA;94588
UST1;Tom's:US-Sanford;27 Community Drive;;Sanford;ME;04073
UST2;CP:Tom's:US-Sanford;27 Community Drive;;Sanford;ME;04073
UST3;Tom's:US-Kennebunk;302 Lafayette Center;;Kennebunk;ME;04043
UST4;CP:Tom's:US-Kennebunk;302 Lafayette Center;;Kennebunk;ME;04043
UST5;Tom's:US-Field Sales;;;;ME;
UST6;CP:Tom's:US-Field Sales;;;;ME;
UST7;Hill's:Tom's:US-Kennebunk;302 Lafayette Center;;Kennebunk;ME;04043
UY10;CP:Uruguay-Galeano;Teniente Galeano 3160;;Montevideo;;12200
UZ01;OBS:CP:Uzbekistan;Afrosiab Street No. 12B;;Tashkent;;700015
UZ02;CP:Uzbekistan;Afrosiab Street No. 12B;;Tashkent;;700015
VE01;OBS:CP Venezuela Caracas;Cl Hans Neumann Ed Corimon;;Caracas;;1071
VE02;OBS:CP Venezuela Puerto La Cru;CC. Pto Libre Piso 1 Lecherias;;Puerto la Cruz;;
VE03;OBS:CP Venezuela Barquisimento;Av Pcpl de las Mercedes Loc 7;;Cabudare;;
VE04;OBS:CP Venezuela Maracaibo;Cl 77 entre  Av 15 y 14A;;Maracaibo;;
VE05;OBS:CP Venezuela San Cristobal;;;;;
VE06;OBS:CP Venezuela Puerto Ordaz;;;;;
VE10;OBS:CP Venezuela Valencia;Urb Michelena, Av Uslar;;Valencia 2001;;172
VE11;OBS:CP:Venezuela-Caracas(VE02);Zona Ind Mocumbo, Via Araguita;;Guacara;;
VE20;OBS:CP Venezuela El Recreo;Urb Ind. El Recreo Parcela 91;;Valencia;;
VE21;CP:Venezuela-Caracas;Cl Hans Neumann Ed Corimon;;Caracas;;1071
VE22;OBS:CP Venezuela Puerto La Cru;CC. Pto Libre Piso 1 Lecherias;;Puerto la Cruz;;
VE23;OBS:CP Venezuela Barquisimento;Av Pcpl de las Mercedes Loc 7;;Cabudare;;
VE24;OBS:CP Venezuela Maracaibo;Cl 77 entre  Av 15 y 14A;;Maracaibo;;
VE25;OBS:CP Venezuela San Cristobal;;;;;
VE26;OBS:CP Venezuela Puerto Ordaz;;;;;
VE30;CP:Venezuela-Valencia;Urb Michelena, Av Uslar;;Valencia 2001;;172
VE40;CP:Venezuela-El Recreo;Urb Ind. El Recreo Parcela 91;;Valencia;;
VE50;CP:Venezuela-San Diego;Av. Industrial 73;Galpon Colgate al lado de Inse;Valencia;;2001
VN10;CP:Vietnam-HO;37 Ton Duc Thang Street,;;District 1, HCMC;VN;
VN11;CP:Vietnam-Plant;103 Ho Hoc Lam Street;Quarter 2, An Lac Ward;Bihn Tan Dist, HCMC;;
VN12;CP:Vietnam-My Phuoc Plant;D-9 CN;My Phuoc 3 Industrial Zone;Binh Duong Province;;
ZA10;CP:South Africa-Boksburg;528 Commissioner Street;P.O. Box 213;Boksburg, Gauteng;;1460
ZA11;CP:South Africa-Durban;Corner Main & Duiker Road;P.O. Box 2117;Verulam, Canelands;;4340
ZA12;CP:South Africa-East West;528 Commissioner Street;P.O. Box 213;Boksburg, Gauteng;;1460
ZA14;CP:South Africa-Midrand;Building 7,Maxwell Office Park;Magwa Crescent, Waterfall City;Midrand;;2090
ZAH1;Hill's:South Africa-CapeTown;16 Victoria Avenue;;Hout Bay;;7806
ZM01;OBS:CP:Zambia;Nexus Centre;;Lusaka;;10101
ZM02;CP:Zambia;Nexus Centre;;Lusaka;;10101
ZW01;OBS:CP:Zimbabwe;105 Dartford Road, Willowvale;;Harare;;
